episode,discounted_return,reward,step
1,12.41885068199895,-1322.2545880166663,5050
