episode,action,reward
1,672.0,-41940.7742835001
2,672.0,-55986.684910966665
3,672.0,-67211.30754875016
4,672.0,-134241.59121808357
