episode,action,reward
1,672.0,-104195.61269868317
2,672.0,-56695.36455238314
3,672.0,-35375.76865831655
4,672.0,-259105.50696949978
