episode,discounted_return,reward,step
1,33431.5206471506,-457381.7229244843,4501500
