episode,action,reward
1,672.0,-92785.42828478267
2,672.0,-54684.95515846669
3,672.0,-54595.07679568383
4,672.0,-108114.69537314972
