episode,discounted_return,reward,step,loss
1,-4106.812158835943,-21723.59566322257,41328,-271.6641540527344
2,-4106.2530657511525,-21700.11977468359,41328,-330.6111755371094
3,-4105.095863467372,-21667.27046927851,41328,-318.3987731933594
4,-4105.541412267319,-21681.026388069535,41328,-313.4364013671875
5,-4106.2760582985775,-21700.83202893465,41328,-329.595703125
6,-4106.307231700905,-21697.74018535861,41328,-318.38153076171875
7,-4106.309386662715,-21697.10325898931,41328,-316.8414611816406
8,-4106.315802458368,-21697.10326673331,41328,-337.7940368652344
9,-4106.297437955182,-21696.858697853822,41328,-316.9446105957031
